"DESCRIPTION","DURATION IN MS","NAME","PARENT SUITE","START TIME","STATUS","STOP TIME","SUB SUITE","SUITE","TEST CLASS","TEST METHOD"
"","34267","Auth Signup Test: TOYOTA","","2026-09-30","passed","2026-09-30","Global Signup & Login Tests","global_auth_flow.spec.ts","",""
"","45234","Auth Signup Test: VEHICLEHISTORY_EU","","2026-09-30","passed","2026-09-30","Global Signup & Login Tests","global_auth_flow.spec.ts","",""
"","3538","Auth Forgot Password Test: INSTANTVINREPORTS","","2026-09-30","passed","2026-09-30","Global Signup & Login Tests","global_auth_flow.spec.ts","",""
"","67659","Auth Signup Test: VOLKSWAGEN","","2026-09-30","passed","2026-09-30","Global Signup & Login Tests","global_auth_flow.spec.ts","",""
"","62654","Auth Signup Test: GM","","2026-09-30","passed","2026-09-30","Global Signup & Login Tests","global_auth_flow.spec.ts","",""
"","51598","Auth Signup Test: FORDVIN","","2026-09-30","passed","2026-09-30","Global Signup & Login Tests","global_auth_flow.spec.ts","",""
"","51545","Auth Signup Test: SCC","","2026-09-30","passed","2026-09-30","Global Signup & Login Tests","global_auth_flow.spec.ts","",""
"","43436","Auth Forgot Password Test: PORSCHE","","2026-09-30","passed","2026-09-30","Global Signup & Login Tests","global_auth_flow.spec.ts","",""
"","107114","Auth Signup Test: LINCOLN","","2026-09-30","passed","2026-09-30","Global Signup & Login Tests","global_auth_flow.spec.ts","",""
"","88910","Auth Signup Test: CD","","2026-09-30","passed","2026-09-30","Global Signup & Login Tests","global_auth_flow.spec.ts","",""
"","42206","Auth Signup Test: CHEVROLET","","2026-09-30","passed","2026-09-30","Global Signup & Login Tests","global_auth_flow.spec.ts","",""
"","43184","Auth Forgot Password Test: HYUNDAI","","2026-09-30","passed","2026-09-30","Global Signup & Login Tests","global_auth_flow.spec.ts","",""
"","40801","Auth Signup Test: MCLAREN","","2026-09-30","passed","2026-09-30","Global Signup & Login Tests","global_auth_flow.spec.ts","",""
"","11357","Auth Forgot Password Test: SCC","","2026-09-30","passed","2026-09-30","Global Signup & Login Tests","global_auth_flow.spec.ts","",""
"","81015","Auth Signup Test: ALFAROMEO","","2026-09-30","passed","2026-09-30","Global Signup & Login Tests","global_auth_flow.spec.ts","",""
"","78337","Auth Signup Test: VINNUMBER_CA","","2026-09-30","passed","2026-09-30","Global Signup & Login Tests","global_auth_flow.spec.ts","",""
"","98099","Auth Signup Test: VOLVO","","2026-09-30","passed","2026-09-30","Global Signup & Login Tests","global_auth_flow.spec.ts","",""
"","10526","Auth Forgot Password Test: VSR","","2026-09-30","passed","2026-09-30","Global Signup & Login Tests","global_auth_flow.spec.ts","",""
"","24681","Auth Signup Test: BMW","","2026-09-30","passed","2026-09-30","Global Signup & Login Tests","global_auth_flow.spec.ts","",""
"","62039","Auth Signup Test: FORD","","2026-09-30","passed","2026-09-30","Global Signup & Login Tests","global_auth_flow.spec.ts","",""
"","62324","Auth Signup Test: INFINITI","","2026-09-30","passed","2026-09-30","Global Signup & Login Tests","global_auth_flow.spec.ts","",""
"","53280","Auth Signup Test: AUDI","","2026-09-30","passed","2026-09-30","Global Signup & Login Tests","global_auth_flow.spec.ts","",""
"","104606","Auth Signup Test: MINI","","2026-09-30","passed","2026-09-30","Global Signup & Login Tests","global_auth_flow.spec.ts","",""
"","15120","Auth Forgot Password Test: VEHICLEHISTORY_EU","","2026-09-30","passed","2026-09-30","Global Signup & Login Tests","global_auth_flow.spec.ts","",""
"","97756","Auth Signup Test: PORSCHE","","2026-09-30","passed","2026-09-30","Global Signup & Login Tests","global_auth_flow.spec.ts","",""
"","62541","Auth Forgot Password Test: CD","","2026-09-30","passed","2026-09-30","Global Signup & Login Tests","global_auth_flow.spec.ts","",""
"","41851","Auth Signup Test: VW","","2026-09-30","passed","2026-09-30","Global Signup & Login Tests","global_auth_flow.spec.ts","",""
"","48904","Auth Signup Test: MERCEDES","","2026-09-30","passed","2026-09-30","Global Signup & Login Tests","global_auth_flow.spec.ts","",""
"","105525","Auth Signup Test: MOTORCYCLEVIN","","2026-09-30","passed","2026-09-30","Global Signup & Login Tests","global_auth_flow.spec.ts","",""
"","109888","Auth Signup Test: RAM","","2026-09-30","passed","2026-09-30","Global Signup & Login Tests","global_auth_flow.spec.ts","",""
"","60650","Auth Signup Test: VSR","","2026-09-30","passed","2026-09-30","Global Signup & Login Tests","global_auth_flow.spec.ts","",""
"","21227","Auth Forgot Password Test: MOTORCYCLEVIN","","2026-09-30","passed","2026-09-30","Global Signup & Login Tests","global_auth_flow.spec.ts","",""
"","92103","Auth Signup Test: MITSUBISHI","","2026-09-30","passed","2026-09-30","Global Signup & Login Tests","global_auth_flow.spec.ts","",""
"","22752","Auth Signup Test: INSTANTVINREPORTS","","2026-09-30","passed","2026-09-30","Global Signup & Login Tests","global_auth_flow.spec.ts","",""
"","28579","Auth Forgot Password Test: VINNUMBER_CA","","2026-09-30","passed","2026-09-30","Global Signup & Login Tests","global_auth_flow.spec.ts","",""
"","20503","Auth Forgot Password Test: HONDA","","2026-09-30","passed","2026-09-30","Global Signup & Login Tests","global_auth_flow.spec.ts","",""
"","64765","Auth Signup Test: CHRYSLER","","2026-09-30","passed","2026-09-30","Global Signup & Login Tests","global_auth_flow.spec.ts","",""
"","13865","Auth Forgot Password Test: RAM","","2026-09-30","passed","2026-09-30","Global Signup & Login Tests","global_auth_flow.spec.ts","",""
"","53769","Auth Signup Test: BUICK","","2026-09-30","passed","2026-09-30","Global Signup & Login Tests","global_auth_flow.spec.ts","",""
"","9172","Auth Forgot Password Test: INFINITI","","2026-09-30","passed","2026-09-30","Global Signup & Login Tests","global_auth_flow.spec.ts","",""
"","97178","Auth Signup Test: HONDA","","2026-09-30","passed","2026-09-30","Global Signup & Login Tests","global_auth_flow.spec.ts","",""
"","17241","Auth Forgot Password Test: GMC","","2026-09-30","passed","2026-09-30","Global Signup & Login Tests","global_auth_flow.spec.ts","",""
"","106947","Auth Signup Test: KIA","","2026-09-30","passed","2026-09-30","Global Signup & Login Tests","global_auth_flow.spec.ts","",""
"","107209","Auth Signup Test: DVH","","2026-09-30","passed","2026-09-30","Global Signup & Login Tests","global_auth_flow.spec.ts","",""
"","31918","Auth Signup Test: CADILLAC","","2026-09-30","passed","2026-09-30","Global Signup & Login Tests","global_auth_flow.spec.ts","",""
"","65932","Auth Signup Test: HYUNDAI","","2026-09-30","passed","2026-09-30","Global Signup & Login Tests","global_auth_flow.spec.ts","",""
"","15665","Auth Forgot Password Test: DVH","","2026-09-30","passed","2026-09-30","Global Signup & Login Tests","global_auth_flow.spec.ts","",""
"","10580","Auth Forgot Password Test: MERCEDES","","2026-09-30","passed","2026-09-30","Global Signup & Login Tests","global_auth_flow.spec.ts","",""
"","49103","Auth Signup Test: LEXUS","","2026-09-30","passed","2026-09-30","Global Signup & Login Tests","global_auth_flow.spec.ts","",""
"","66998","Auth Signup Test: DODGE","","2026-09-30","passed","2026-09-30","Global Signup & Login Tests","global_auth_flow.spec.ts","",""
"","79970","Auth Signup Test: GMC","","2026-09-30","passed","2026-09-30","Global Signup & Login Tests","global_auth_flow.spec.ts","",""
"","79197","Auth Signup Test: JEEP","","2026-09-30","passed","2026-09-30","Global Signup & Login Tests","global_auth_flow.spec.ts","",""
"","47119","Auth Signup Test: SUBARU","","2026-09-30","passed","2026-09-30","Global Signup & Login Tests","global_auth_flow.spec.ts","",""
